id:ID,label,name
0,Person,name_0
1,Person,name_1
2,Org,name_2
3,Paper,name_3
4,Paper,name_4
5,Person,name_5
6,Org,name_6
7,Org,name_7
8,Org,name_8
9,Org,name_9
10,Person,name_10
11,Paper,name_11
12,Person,name_12
13,Org,name_13
14,Paper,name_14
15,Paper,name_15
16,Person,name_16
17,Org,name_17
18,Person,name_18
19,Person,name_19
20,Org,name_20
21,Paper,name_21
22,Paper,name_22
23,Org,name_23
24,Person,name_24
25,Person,name_25
26,Paper,name_26
27,Person,name_27
28,Person,name_28
29,Person,name_29
30,Org,name_30
31,Person,name_31
32,Person,name_32
33,Org,name_33
34,Paper,name_34
35,Person,name_35
36,Org,name_36
37,Paper,name_37
38,Person,name_38
39,Paper,name_39
40,Org,name_40
41,Person,name_41
42,Org,name_42
43,Paper,name_43
44,Paper,name_44
45,Paper,name_45
46,Org,name_46
47,Org,name_47
48,Person,name_48
49,Person,name_49
50,Person,name_50
51,Org,name_51
52,Org,name_52
53,Org,name_53
54,Org,name_54
55,Paper,name_55
56,Org,name_56
57,Person,name_57
58,Org,name_58
59,Person,name_59
60,Person,name_60
61,Paper,name_61
62,Paper,name_62
63,Paper,name_63
64,Paper,name_64
65,Org,name_65
66,Org,name_66
67,Person,name_67
68,Person,name_68
69,Org,name_69
70,Person,name_70
71,Person,name_71
72,Org,name_72
73,Person,name_73
74,Org,name_74
75,Person,name_75
76,Person,name_76
77,Paper,name_77
78,Paper,name_78
79,Org,name_79
80,Org,name_80
81,Paper,name_81
82,Person,name_82
83,Org,name_83
84,Person,name_84
85,Paper,name_85
86,Paper,name_86
87,Person,name_87
88,Paper,name_88
89,Org,name_89
90,Org,name_90
91,Org,name_91
92,Paper,name_92
93,Paper,name_93
94,Person,name_94
95,Paper,name_95
96,Person,name_96
97,Person,name_97
98,Org,name_98
99,Org,name_99
100,Person,name_100
101,Paper,name_101
102,Org,name_102
103,Person,name_103
104,Person,name_104
105,Org,name_105
106,Person,name_106
107,Person,name_107
108,Paper,name_108
109,Person,name_109
110,Person,name_110
111,Paper,name_111
112,Org,name_112
113,Org,name_113
114,Person,name_114
115,Paper,name_115
116,Paper,name_116
117,Person,name_117
118,Org,name_118
119,Org,name_119
120,Org,name_120
121,Paper,name_121
122,Person,name_122
123,Person,name_123
124,Person,name_124
125,Paper,name_125
126,Person,name_126
127,Org,name_127
128,Paper,name_128
129,Org,name_129
130,Paper,name_130
131,Person,name_131
132,Paper,name_132
133,Person,name_133
134,Paper,name_134
135,Person,name_135
136,Org,name_136
137,Paper,name_137
138,Org,name_138
139,Paper,name_139
140,Org,name_140
141,Org,name_141
142,Person,name_142
143,Person,name_143
144,Person,name_144
145,Person,name_145
146,Org,name_146
147,Org,name_147
148,Person,name_148
149,Paper,name_149
150,Person,name_150
151,Org,name_151
152,Person,name_152
153,Paper,name_153
154,Org,name_154
155,Person,name_155
156,Person,name_156
157,Paper,name_157
158,Org,name_158
159,Paper,name_159
160,Paper,name_160
161,Person,name_161
162,Person,name_162
163,Paper,name_163
164,Person,name_164
165,Paper,name_165
166,Person,name_166
167,Paper,name_167
168,Paper,name_168
169,Org,name_169
170,Org,name_170
171,Person,name_171
172,Org,name_172
173,Org,name_173
174,Person,name_174
175,Org,name_175
176,Org,name_176
177,Org,name_177
178,Paper,name_178
179,Person,name_179
180,Org,name_180
181,Person,name_181
182,Org,name_182
183,Person,name_183
184,Person,name_184
185,Person,name_185
186,Paper,name_186
187,Person,name_187
188,Org,name_188
189,Org,name_189
190,Org,name_190
191,Person,name_191
192,Paper,name_192
193,Org,name_193
194,Person,name_194
195,Org,name_195
196,Paper,name_196
197,Person,name_197
198,Person,name_198
199,Paper,name_199
200,Person,name_200
201,Org,name_201
202,Org,name_202
203,Person,name_203
204,Person,name_204
205,Org,name_205
206,Org,name_206
207,Org,name_207
208,Paper,name_208
209,Paper,name_209
210,Paper,name_210
211,Paper,name_211
212,Paper,name_212
213,Paper,name_213
214,Paper,name_214
215,Paper,name_215
216,Person,name_216
217,Paper,name_217
218,Org,name_218
219,Paper,name_219
220,Paper,name_220
221,Paper,name_221
222,Org,name_222
223,Org,name_223
224,Person,name_224
225,Person,name_225
226,Paper,name_226
227,Person,name_227
228,Person,name_228
229,Org,name_229
230,Paper,name_230
231,Paper,name_231
232,Paper,name_232
233,Person,name_233
234,Person,name_234
235,Org,name_235
236,Org,name_236
237,Org,name_237
238,Org,name_238
239,Person,name_239
240,Paper,name_240
241,Org,name_241
242,Person,name_242
243,Org,name_243
244,Person,name_244
245,Person,name_245
246,Org,name_246
247,Paper,name_247
248,Paper,name_248
249,Paper,name_249
250,Person,name_250
251,Paper,name_251
252,Person,name_252
253,Person,name_253
254,Org,name_254
255,Person,name_255
256,Org,name_256
257,Paper,name_257
258,Paper,name_258
259,Org,name_259
260,Paper,name_260
261,Paper,name_261
262,Person,name_262
263,Person,name_263
264,Person,name_264
265,Org,name_265
266,Paper,name_266
267,Paper,name_267
268,Paper,name_268
269,Paper,name_269
270,Person,name_270
271,Paper,name_271
272,Paper,name_272
273,Org,name_273
274,Org,name_274
275,Paper,name_275
276,Org,name_276
277,Person,name_277
278,Org,name_278
279,Org,name_279
280,Person,name_280
281,Paper,name_281
282,Paper,name_282
283,Paper,name_283
284,Org,name_284
285,Org,name_285
286,Org,name_286
287,Person,name_287
288,Paper,name_288
289,Paper,name_289
290,Person,name_290
291,Person,name_291
292,Person,name_292
293,Paper,name_293
294,Person,name_294
295,Org,name_295
296,Person,name_296
297,Person,name_297
298,Paper,name_298
299,Paper,name_299
300,Person,name_300
301,Paper,name_301
302,Org,name_302
303,Org,name_303
304,Org,name_304
305,Org,name_305
306,Paper,name_306
307,Person,name_307
308,Person,name_308
309,Org,name_309
310,Person,name_310
311,Paper,name_311
312,Paper,name_312
313,Org,name_313
314,Paper,name_314
315,Paper,name_315
316,Paper,name_316
317,Person,name_317
318,Person,name_318
319,Paper,name_319
320,Paper,name_320
321,Person,name_321
322,Org,name_322
323,Org,name_323
324,Person,name_324
325,Paper,name_325
326,Paper,name_326
327,Org,name_327
328,Person,name_328
329,Person,name_329
330,Org,name_330
331,Org,name_331
332,Paper,name_332
333,Person,name_333
334,Paper,name_334
335,Person,name_335
336,Org,name_336
337,Org,name_337
338,Person,name_338
339,Person,name_339
340,Paper,name_340
341,Org,name_341
342,Org,name_342
343,Org,name_343
344,Org,name_344
345,Paper,name_345
346,Paper,name_346
347,Person,name_347
348,Person,name_348
349,Person,name_349
350,Person,name_350
351,Person,name_351
352,Paper,name_352
353,Person,name_353
354,Paper,name_354
355,Paper,name_355
356,Paper,name_356
357,Org,name_357
358,Paper,name_358
359,Paper,name_359
360,Org,name_360
361,Person,name_361
362,Org,name_362
363,Person,name_363
364,Org,name_364
365,Paper,name_365
366,Paper,name_366
367,Org,name_367
368,Paper,name_368
369,Org,name_369
370,Person,name_370
371,Paper,name_371
372,Org,name_372
373,Paper,name_373
374,Paper,name_374
375,Person,name_375
376,Paper,name_376
377,Org,name_377
378,Paper,name_378
379,Person,name_379
380,Person,name_380
381,Org,name_381
382,Paper,name_382
383,Person,name_383
384,Paper,name_384
385,Paper,name_385
386,Person,name_386
387,Paper,name_387
388,Paper,name_388
389,Person,name_389
390,Paper,name_390
391,Org,name_391
392,Person,name_392
393,Paper,name_393
394,Person,name_394
395,Paper,name_395
396,Org,name_396
397,Paper,name_397
398,Person,name_398
399,Person,name_399
400,Paper,name_400
401,Person,name_401
402,Person,name_402
403,Person,name_403
404,Org,name_404
405,Person,name_405
406,Org,name_406
407,Paper,name_407
408,Paper,name_408
409,Paper,name_409
410,Org,name_410
411,Org,name_411
412,Org,name_412
413,Org,name_413
414,Org,name_414
415,Paper,name_415
416,Org,name_416
417,Person,name_417
418,Person,name_418
419,Person,name_419
420,Paper,name_420
421,Person,name_421
422,Paper,name_422
423,Org,name_423
424,Org,name_424
425,Paper,name_425
426,Person,name_426
427,Paper,name_427
428,Org,name_428
429,Org,name_429
430,Person,name_430
431,Person,name_431
432,Paper,name_432
433,Org,name_433
434,Org,name_434
435,Person,name_435
436,Paper,name_436
437,Org,name_437
438,Paper,name_438
439,Paper,name_439
440,Person,name_440
441,Org,name_441
442,Org,name_442
443,Person,name_443
444,Person,name_444
445,Person,name_445
446,Org,name_446
447,Org,name_447
448,Person,name_448
449,Person,name_449
450,Paper,name_450
451,Person,name_451
452,Paper,name_452
453,Org,name_453
454,Person,name_454
455,Paper,name_455
456,Org,name_456
457,Org,name_457
458,Person,name_458
459,Org,name_459
460,Person,name_460
461,Person,name_461
462,Person,name_462
463,Org,name_463
464,Person,name_464
465,Org,name_465
466,Person,name_466
467,Paper,name_467
468,Person,name_468
469,Org,name_469
470,Person,name_470
471,Paper,name_471
472,Person,name_472
473,Org,name_473
474,Org,name_474
475,Org,name_475
476,Paper,name_476
477,Person,name_477
478,Org,name_478
479,Org,name_479
480,Paper,name_480
481,Person,name_481
482,Paper,name_482
483,Paper,name_483
484,Paper,name_484
485,Person,name_485
486,Person,name_486
487,Org,name_487
488,Org,name_488
489,Person,name_489
490,Org,name_490
491,Org,name_491
492,Org,name_492
493,Org,name_493
494,Org,name_494
495,Person,name_495
496,Person,name_496
497,Org,name_497
498,Paper,name_498
499,Paper,name_499
500,Paper,name_500
501,Paper,name_501
502,Org,name_502
503,Org,name_503
504,Org,name_504
505,Paper,name_505
506,Paper,name_506
507,Person,name_507
508,Person,name_508
509,Paper,name_509
510,Org,name_510
511,Paper,name_511
512,Paper,name_512
513,Org,name_513
514,Org,name_514
515,Person,name_515
516,Person,name_516
517,Paper,name_517
518,Paper,name_518
519,Org,name_519
520,Paper,name_520
521,Paper,name_521
522,Org,name_522
523,Person,name_523
524,Paper,name_524
525,Person,name_525
526,Person,name_526
527,Paper,name_527
528,Paper,name_528
529,Person,name_529
530,Paper,name_530
531,Paper,name_531
532,Person,name_532
533,Person,name_533
534,Person,name_534
535,Person,name_535
536,Org,name_536
537,Person,name_537
538,Person,name_538
539,Paper,name_539
540,Person,name_540
541,Person,name_541
542,Org,name_542
543,Org,name_543
544,Paper,name_544
545,Paper,name_545
546,Person,name_546
547,Paper,name_547
548,Org,name_548
549,Org,name_549
550,Org,name_550
551,Paper,name_551
552,Person,name_552
553,Paper,name_553
554,Person,name_554
555,Paper,name_555
556,Person,name_556
557,Person,name_557
558,Org,name_558
559,Org,name_559
560,Org,name_560
561,Person,name_561
562,Person,name_562
563,Person,name_563
564,Paper,name_564
565,Org,name_565
566,Person,name_566
567,Person,name_567
568,Person,name_568
569,Person,name_569
570,Paper,name_570
571,Org,name_571
572,Org,name_572
573,Org,name_573
574,Person,name_574
575,Org,name_575
576,Person,name_576
577,Paper,name_577
578,Person,name_578
579,Paper,name_579
580,Org,name_580
581,Person,name_581
582,Org,name_582
583,Person,name_583
584,Person,name_584
585,Org,name_585
586,Paper,name_586
587,Org,name_587
588,Paper,name_588
589,Paper,name_589
590,Org,name_590
591,Org,name_591
592,Person,name_592
593,Org,name_593
594,Person,name_594
595,Person,name_595
596,Org,name_596
597,Paper,name_597
598,Person,name_598
599,Org,name_599
600,Org,name_600
601,Paper,name_601
602,Org,name_602
603,Paper,name_603
604,Org,name_604
605,Person,name_605
606,Paper,name_606
607,Person,name_607
608,Org,name_608
609,Org,name_609
610,Paper,name_610
611,Person,name_611
612,Paper,name_612
613,Person,name_613
614,Paper,name_614
615,Paper,name_615
616,Paper,name_616
617,Paper,name_617
618,Paper,name_618
619,Org,name_619
620,Paper,name_620
621,Paper,name_621
622,Paper,name_622
623,Org,name_623
624,Org,name_624
625,Org,name_625
626,Org,name_626
627,Org,name_627
628,Org,name_628
629,Paper,name_629
630,Org,name_630
631,Paper,name_631
632,Paper,name_632
633,Person,name_633
634,Org,name_634
635,Org,name_635
636,Person,name_636
637,Paper,name_637
638,Paper,name_638
639,Paper,name_639
640,Org,name_640
641,Org,name_641
642,Paper,name_642
643,Person,name_643
644,Org,name_644
645,Paper,name_645
646,Org,name_646
647,Paper,name_647
648,Person,name_648
649,Paper,name_649
650,Org,name_650
651,Org,name_651
652,Paper,name_652
653,Paper,name_653
654,Paper,name_654
655,Person,name_655
656,Person,name_656
657,Person,name_657
658,Paper,name_658
659,Org,name_659
660,Org,name_660
661,Org,name_661
662,Paper,name_662
663,Org,name_663
664,Org,name_664
665,Paper,name_665
666,Org,name_666
667,Paper,name_667
668,Org,name_668
669,Person,name_669
670,Org,name_670
671,Paper,name_671
672,Org,name_672
673,Person,name_673
674,Paper,name_674
675,Paper,name_675
676,Person,name_676
677,Paper,name_677
678,Person,name_678
679,Person,name_679
680,Org,name_680
681,Org,name_681
682,Paper,name_682
683,Org,name_683
684,Org,name_684
685,Person,name_685
686,Org,name_686
687,Org,name_687
688,Paper,name_688
689,Paper,name_689
690,Paper,name_690
691,Paper,name_691
692,Paper,name_692
693,Org,name_693
694,Person,name_694
695,Org,name_695
696,Person,name_696
697,Paper,name_697
698,Org,name_698
699,Org,name_699
700,Paper,name_700
701,Org,name_701
702,Person,name_702
703,Paper,name_703
704,Person,name_704
705,Org,name_705
706,Org,name_706
707,Org,name_707
708,Person,name_708
709,Org,name_709
710,Org,name_710
711,Person,name_711
712,Org,name_712
713,Org,name_713
714,Paper,name_714
715,Person,name_715
716,Paper,name_716
717,Person,name_717
718,Paper,name_718
719,Paper,name_719
720,Paper,name_720
721,Paper,name_721
722,Org,name_722
723,Paper,name_723
724,Person,name_724
725,Person,name_725
726,Paper,name_726
727,Paper,name_727
728,Org,name_728
729,Person,name_729
730,Org,name_730
731,Org,name_731
732,Paper,name_732
733,Org,name_733
734,Paper,name_734
735,Paper,name_735
736,Org,name_736
737,Paper,name_737
738,Paper,name_738
739,Org,name_739
740,Paper,name_740
741,Paper,name_741
742,Person,name_742
743,Org,name_743
744,Paper,name_744
745,Paper,name_745
746,Org,name_746
747,Paper,name_747
748,Person,name_748
749,Paper,name_749
750,Paper,name_750
751,Person,name_751
752,Person,name_752
753,Org,name_753
754,Org,name_754
755,Org,name_755
756,Person,name_756
757,Paper,name_757
758,Person,name_758
759,Person,name_759
760,Org,name_760
761,Person,name_761
762,Org,name_762
763,Person,name_763
764,Person,name_764
765,Paper,name_765
766,Paper,name_766
767,Person,name_767
768,Org,name_768
769,Person,name_769
770,Org,name_770
771,Org,name_771
772,Person,name_772
773,Paper,name_773
774,Org,name_774
775,Org,name_775
776,Paper,name_776
777,Person,name_777
778,Person,name_778
779,Paper,name_779
780,Org,name_780
781,Paper,name_781
782,Paper,name_782
783,Org,name_783
784,Paper,name_784
785,Person,name_785
786,Person,name_786
787,Person,name_787
788,Person,name_788
789,Paper,name_789
790,Paper,name_790
791,Person,name_791
792,Paper,name_792
793,Paper,name_793
794,Person,name_794
795,Person,name_795
796,Paper,name_796
797,Org,name_797
798,Person,name_798
799,Person,name_799
800,Org,name_800
801,Org,name_801
802,Paper,name_802
803,Person,name_803
804,Person,name_804
805,Person,name_805
806,Org,name_806
807,Org,name_807
808,Paper,name_808
809,Person,name_809
810,Person,name_810
811,Org,name_811
812,Paper,name_812
813,Org,name_813
814,Person,name_814
815,Paper,name_815
816,Person,name_816
817,Person,name_817
818,Person,name_818
819,Org,name_819
820,Paper,name_820
821,Person,name_821
822,Person,name_822
823,Org,name_823
824,Person,name_824
825,Org,name_825
826,Paper,name_826
827,Paper,name_827
828,Org,name_828
829,Person,name_829
830,Person,name_830
831,Person,name_831
832,Person,name_832
833,Org,name_833
834,Person,name_834
835,Paper,name_835
836,Paper,name_836
837,Org,name_837
838,Org,name_838
839,Org,name_839
840,Org,name_840
841,Paper,name_841
842,Person,name_842
843,Person,name_843
844,Paper,name_844
845,Person,name_845
846,Person,name_846
847,Paper,name_847
848,Org,name_848
849,Paper,name_849
850,Person,name_850
851,Org,name_851
852,Person,name_852
853,Paper,name_853
854,Paper,name_854
855,Paper,name_855
856,Org,name_856
857,Paper,name_857
858,Person,name_858
859,Paper,name_859
860,Person,name_860
861,Org,name_861
862,Paper,name_862
863,Person,name_863
864,Paper,name_864
865,Org,name_865
866,Org,name_866
867,Org,name_867
868,Person,name_868
869,Paper,name_869
870,Org,name_870
871,Paper,name_871
872,Org,name_872
873,Paper,name_873
874,Org,name_874
875,Paper,name_875
876,Person,name_876
877,Org,name_877
878,Org,name_878
879,Org,name_879
880,Person,name_880
881,Paper,name_881
882,Org,name_882
883,Org,name_883
884,Person,name_884
885,Org,name_885
886,Person,name_886
887,Paper,name_887
888,Person,name_888
889,Person,name_889
890,Paper,name_890
891,Org,name_891
892,Person,name_892
893,Paper,name_893
894,Org,name_894
895,Person,name_895
896,Paper,name_896
897,Paper,name_897
898,Paper,name_898
899,Paper,name_899
900,Org,name_900
901,Person,name_901
902,Paper,name_902
903,Person,name_903
904,Person,name_904
905,Person,name_905
906,Paper,name_906
907,Person,name_907
908,Paper,name_908
909,Person,name_909
910,Paper,name_910
911,Org,name_911
912,Paper,name_912
913,Paper,name_913
914,Paper,name_914
915,Person,name_915
916,Paper,name_916
917,Paper,name_917
918,Paper,name_918
919,Org,name_919
920,Person,name_920
921,Org,name_921
922,Person,name_922
923,Org,name_923
924,Paper,name_924
925,Paper,name_925
926,Paper,name_926
927,Org,name_927
928,Person,name_928
929,Paper,name_929
930,Person,name_930
931,Org,name_931
932,Person,name_932
933,Paper,name_933
934,Person,name_934
935,Org,name_935
936,Org,name_936
937,Person,name_937
938,Org,name_938
939,Paper,name_939
940,Org,name_940
941,Org,name_941
942,Org,name_942
943,Person,name_943
944,Person,name_944
945,Person,name_945
946,Person,name_946
947,Org,name_947
948,Org,name_948
949,Person,name_949
950,Paper,name_950
951,Person,name_951
952,Org,name_952
953,Person,name_953
954,Org,name_954
955,Person,name_955
956,Org,name_956
957,Paper,name_957
958,Person,name_958
959,Org,name_959
960,Paper,name_960
961,Person,name_961
962,Org,name_962
963,Person,name_963
964,Paper,name_964
965,Paper,name_965
966,Org,name_966
967,Person,name_967
968,Org,name_968
969,Org,name_969
970,Paper,name_970
971,Paper,name_971
972,Person,name_972
973,Org,name_973
974,Org,name_974
975,Person,name_975
976,Paper,name_976
977,Person,name_977
978,Paper,name_978
979,Person,name_979
980,Person,name_980
981,Org,name_981
982,Paper,name_982
983,Paper,name_983
984,Org,name_984
985,Person,name_985
986,Paper,name_986
987,Paper,name_987
988,Org,name_988
989,Person,name_989
990,Org,name_990
991,Paper,name_991
992,Paper,name_992
993,Paper,name_993
994,Org,name_994
995,Person,name_995
996,Person,name_996
997,Paper,name_997
998,Paper,name_998
999,Org,name_999
